list_id,player_id,faction_id,leader,list,cccode
1078,539,5,"Ossyan 1","Retribution Army - 75 / 75 points\n[Theme] Shadows of the Retribution\n\n(Ossyan 1) Lord Arcanist Ossyan [+28]\n - Banshee [18]\n - Hypnos [18]\nArcanist Mechanik [2]\nArcanist Mechanik [2]\nMage Hunter Assassin [0(4)]\nNarn, Mage Hunter of Ios [0(6)]\nLady Aiyana & Master Holt [8]\nMage Hunter Strike Force (max) [16]\n - Mage Hunter Strike Force Commander [4]\nMage Hunter Strike Force (max) [16]\n - Mage Hunter Strike Force Commander [4]\nSpears of Scyrah [9]\n - Eiryss, Mage Hunter Commander [6]\n","c5101b_-0A464E4l3y3y3X3-8M3m3o3m3ohPdK___-0hb-4G2w2w2w2wgjd_3y3y4LhM3u"
1079,539,5,"Vyros 2","Retribution Army - 75 / 75 points\n[Theme] Forges of War\n\n(Vyros 2) Vyros, Incissar of the Dawnguard [+27]\n - Aspis [6]\n - Griffon [8]\n - Griffon [8]\n - Griffon [8]\n - Griffon [8]\n - Helios [34]\n - Imperatus [22]\nArcanist Mechanik [0(2)]\nArcanist Mechanik [0(2)]\nHouse Shyeel Artificer [0(5)]\nHouse Shyeel Arcanists [7]\n - Soulless Escort (1) [1]\n","c5101b_-0A464E4l3y3y3X3-8M3m3o3m3ohPdK___-0hb-4G2w2w2w2wgjd_3y3y4LhM3u"
1138,569,9,"Morghoul 3","Skorne Army - 75 / 75 points\n[Theme] Disciples of Agony\n\n(Morghoul 3) Dominar Morghoul & Escorts [+25]\n - Blackhide Wrastler [16]\n - Blind Walker [12]\n - Cyclops Savage [7]\n - Cyclops Shaman [8]\nPaingiver Bloodrunner Master Tormentor [0(4)]\nPaingiver Bloodrunner Master Tormentor [0(4)]\nSaxon Orrik [4]\nNihilators (max) [15]\nNihilators (max) [15]\nPaingiver Beast Handlers (min) [5]\nPaingiver Bloodrunners [9]\nPaingiver Bloodrunners [9]\n","c9101b_-0HhSjcjk4A4C6w6w4i6C6C5U5S5S___-0Z484y4A4A4AcPeaeo5M5P6KcSfs6b6d6h"
1139,569,9,"Hexeris 1","Skorne Army - 75 / 75 points\n[Theme] Masters of War\n\n(Hexeris 1) Lord Tyrant Hexeris [+28]\n - Cyclops Brute [8]\n - Cyclops Savage [7]\n - Cyclops Savage [7]\n - Cyclops Savage [7]\n - Reptile Hound [4]\nTyrant Zaadesh [4]\n - Scarab Pack [10]\nCataphract Arcuarii (min) [11]\nCataphract Cetrati (max) [18]\n - Tyrant Vorkesh [0(6)]\nCataphract Incindiarii (min) [11]\nLegends of Halaak [8]\nPraetorian Swordsmen (min) [8]\n - Praetorian Swordsman Officer & Standard [0(4)]\nTyrant Commander & Standard Bearer [0(6)]\n","c9101b_-0HhSjcjk4A4C6w6w4i6C6C5U5S5S___-0Z484y4A4A4AcPeaeo5M5P6KcSfs6b6d6h"
1094,547,4,"Deneghra 1","Cryx Army - 75 / 75 points\n[Theme] Scourge of the Broken Coast\n\n(Deneghra 1) Warwitch Deneghra [+28]\n - Deathripper [6]\n - Deathripper [6]\n - Stalker [8]\n - Stalker [8]\n - Stalker [8]\nSatyxis Blood Witches (min) [8]\nSatyxis Blood Witches (max) [13]\n - Satyxis Blood Hag [0(4)]\nSatyxis Gunslingers [7]\nSatyxis Gunslingers [7]\nSatyxis Raiders (max) [16]\n - Satyxis Raider Sea Witch [0(3)]\nSatyxis Raiders (max) [16]\n - Satyxis Raider Sea Witch [0(3)]\n","c4101b_-0Y0x19191h1h1h1Q1R1Tgege1N1P1N1P___-0B0Z19193ci2dWdWhZh_hZh_bB"
1095,547,4,"Coven 1","Cryx Army - 75 / 75 points\n[Theme] Dark Host\n\n(Coven 1) The Witch Coven of Garlghast [+26]\n - Deathripper [6]\n - Deathripper [6]\n - Desecrator [14]\nBane Lord Tartarus [0(6)]\nBane Riders (max) [20]\nBane Riders (max) [20]\nBane Warriors (min) [10]\n - Bane Warrior Officer & Standard [0(5)]\nBane Warriors (min) [10]\n - Bane Warrior Officer & Standard [0(5)]\nWraith Engine [15]\n","c4101b_-0Y0x19191h1h1h1Q1R1Tgege1N1P1N1P___-0B0Z19193ci2dWdWhZh_hZh_bB"
1162,581,14,"Heretic 1","Grymkin Army - 75 / 75 points\n[Theme] Bump in the Night\n\n(Heretic 1) The Heretic [+28]\n - Cage Rager [14]\n - Crabbits (2) [7]\n - Rattler [8]\nLord Longfellow [0(6)]\nDread Rots (max) [12]\nDread Rots (max) [12]\nHollowmen (max) [13]\n - Lantern Man [0(3)]\nHollowmen (max) [13]\n - Lantern Man [0(3)]\nNeigh Slayers (max) [12]\nNeigh Slayers (max) [12]\n","ce101b_-0shuh2h4h7hoh9h9hbhjhbhjhehe___-0rhsh2h2hyhyh4h6h6h3h3hmhmhmhmhnh8hr"
1163,581,14,"Child 1","Grymkin Army - 75 / 75 points\n[Theme] Dark Menagerie\n\n(Child 1) The Child [+29]\n - Cage Rager [14]\n - Cage Rager [14]\n - Crabbit [0(n/a)]\n - Crabbit [0(n/a)]\n - Crabbits (2) [7]\n - Gorehound [6]\n - Gorehound [6]\n - Skin & Moans [15]\n - Skin & Moans [15]\nGremlin Swarm [0(3)]\nGremlin Swarm [0(3)]\nGremlin Swarm [0(3)]\nGremlin Swarm [3]\nLady Karianna Rose [4]\nDread Rots (min) [7]\nDeath Knell [13]\n","ce101b_-0shuh2h4h7hoh9h9hbhjhbhjhehe___-0rhsh2h2hyhyh4h6h6h3h3hmhmhmhmhnh8hr"
1140,570,4,"Goreshade 2","Cryx Army - 75 / 75 points\n[Theme] Dark Host\n\n(Goreshade 2) Goreshade the Cursed [+28]\n - Deathripper [6]\n - Deathripper [6]\n - Defiler [8]\n - Defiler [8]\n - Skarlock Thrall [0(4)]\nBane Lord Tartarus [0(6)]\nDarragh Wrathe [9]\nScrap Thrall [2]\nScrap Thrall [2]\nScrap Thrall [2]\nBane Riders (max) [20]\nBane Warriors (min) [10]\n - Bane Warrior Officer & Standard [0(5)]\nBane Warriors (min) [10]\n - Bane Warrior Officer & Standard [5]\nWraith Engine [15]\n","c4101b_-0B0R19191a1a2Ai22E2o2o2odWhZh_hZh_bB___-0w0C1m1f1f0te21h1h2t2Bg7i11JdQ26"
1141,570,4,"Asphyxious 1","Cryx Army - 75 / 75 points\n[Theme] Infernal Machines\n\n(Asphyxious 1) Iron Lich Asphyxious [+28]\n - Corruptor [16]\n - Nightwretch [7]\n - Nightwretch [7]\n - The Withershadow Combine [9]\nAiakos, Scourge of the Meredius [4]\n - Stalker [8]\n - Stalker [8]\nPistol Wraith [0(5)]\nWarwitch Siren [0(4)]\nCarrion Thralls (max) [10]\nMechanithralls (max) [9]\n - Brute Thrall (2) [4]\n - Skarlock Commander [3]\nSoulhunters (max) [18]\n","c4101b_-0B0R19191a1a2Ai22E2o2o2odWhZh_hZh_bB___-0w0C1m1f1f0te21h1h2t2Bg7i11JdQ26"
1118,559,1,"Caine 2","Cygnar Army - 75 / 75 points\n[Theme] Sons of the Tempest\n\n(Caine 2) Captain Allister Caine [+27]\n - Ace [12]\n - Hurricane [39]\n - Squire [0(5)]\nArcane Tempest Rifleman [4]\nArcane Tempest Rifleman [4]\nCaptain Arlan Strangewayes [4]\nEiryss, Mage Hunter of Ios [7]\nGun Mage Captain Adept [5]\nGun Mage Captain Adept [5]\nJourneyman Warcaster [4]\n - Firefly [8]\nBlack 13th Strike Force [10]\n","c1101b_-0o8Wf5f6akfMfMan3Wagagaj9c9M___-0n8Vf59b9b9biPiPiPiPawawakazaj9z"
1119,559,1,"Caine 1","Cygnar Army - 75 / 75 points\n[Theme] Heavy Metal\n\n(Caine 1) Lieutenant Allister Caine [+30]\n - Ace [12]\n - Charger [9]\n - Charger [9]\n - Charger [9]\n - Hunter [10]\n - Hunter [10]\n - Hunter [10]\n - Hunter [10]\n - Minuteman [9]\n - Minuteman [9]\n - Squire [0(5)]\nArchduke Alain Runewood, Lord of Fharin [0(4)]\nJourneyman Warcaster [0(4)]\n - Sentinel [8]\n","c1101b_-0o8Wf5f6akfMfMan3Wagagaj9c9M___-0n8Vf59b9b9biPiPiPiPawawakazaj9z"
1096,548,8,"Grayle 1","Circle Army - 75 / 75 points\n[Theme] The Wild Hunt\n\n(Grayle 1) Grayle the Farstrider [+29]\n - Pureblood Warpwolf [17]\n - Woldwyrd [9]\n - Woldwyrd [9]\nHutchuck, Ogrun Bounty Hunter [6]\nReeve Hunter [0(4)]\nWolf Lord Morraig [8]\nDeath Wolves [9]\nReeves of Orboros (max) [16]\n - Reeve of Orboros Chieftain & Standard [0(4)]\nWarpborn Skinwalkers (max) [15]\n - Warpborn Skinwalker Alpha [0(4)]\nWolves of Orboros (max) [11]\n - Wolves of Orboros Chieftain & Standard [4]\n","c8101b_-0q5B4M4H4HfC5x5keE4S5s5ocp4U4W___-0p4a4Q4P4P4H4H4Hg45g5gc99i5e5e5f5f"
1097,548,8,"Krueger 2","Circle Army - 75 / 75 points\n[Theme] The Bones of Orboros\n\n(Krueger 2) Krueger the Stormlord [+27]\n - Megalith [20]\n - Woldwarden [16]\n - Woldwarden [16]\n - Woldwyrd [9]\n - Woldwyrd [9]\n - Woldwyrd [9]\nBlackclad Stoneshaper [0(3)]\nBlackclad Wayfarer [0(4)]\nBlackclad Wayfarer [0(4)]\nGallows Grove [2]\nOgrun Bokur [5]\nSentry Stone & Mannikins [5]\nSentry Stone & Mannikins [5]\nShifting Stones [3]\nShifting Stones [3]\n","c8101b_-0q5B4M4H4HfC5x5keE4S5s5ocp4U4W___-0p4a4Q4P4P4H4H4Hg45g5gc99i5e5e5f5f"
1082,541,3,"Irusk 1","Khador Army - 74 / 75 points\n[Theme] Legion of Steel\n\n(Irusk 1) Kommandant Irusk [+27]\n - Conquest [37]\nIron Fang Kovnik [0(4)]\nIron Fang Kovnik [0(4)]\nUhlan Kovnik Markov [7]\nBattle Mechaniks (min) [3]\nIron Fang Pikemen (max) [15]\n - Iron Fang Pikemen Officer & Standard [0(4)]\nIron Fang Pikemen (max) [15]\n - Iron Fang Pikemen Officer & Standard [4]\nIron Fang Uhlans (max) [20]\n","c3101b_-0y78c2didi8x867H7I7H7I7K___-0f6Y7t7t7t8f8t8M8I7Z7S7T7W7Y7Wi6"
1083,541,3,"Sorscha 2","Khador Army - 74 / 75 points\n[Theme] Winter Guard Kommand\n\n(Sorscha 2) Forward Kommander Sorscha [+27]\n - Marauder [10]\n - Marauder [10]\n - Marauder [10]\n - War Dog [3]\nKovnik Jozef Grigorovich [4]\nLady Aiyana & Master Holt [8]\n - Koldun Kapitan Valachev [4]\nWinter Guard Field Gun Crew [0(4)]\nWinter Guard Infantry (max) [10]\n - Winter Guard Infantry Officer & Standard [0(4)]\n - Winter Guard Rocketeer (3) [6]\nWinter Guard Rifle Corps (max) [13]\n - Winter Guard Rocketeer (3) [6]\nWinter Guard Gun Carriage [17]\n","c3101b_-0y78c2didi8x867H7I7H7I7K___-0f6Y7t7t7t8f8t8M8I7Z7S7T7W7Y7Wi6"
1112,556,1,"Caine 3","Cygnar Army - 75 / 75 points\n[Theme] Heavy Metal\n\n(Caine 3) Caine's Hellslingers [+20]\n - Ace [12]\n - Charger [9]\n - Charger [9]\n - Charger [9]\n - Charger [9]\n - Charger [9]\n - Charger [9]\n - Charger [9]\n - Hunter [10]\n - Hunter [10]\n - Squire [0(5)]\nCaptain Arlan Strangewayes [0(4)]\nHarlan Versh, Illuminated One [0(4)]\n","c1101b_-0ngWf59b9b9b9b9b9b9biPiPakan9n___-0n8U9H9Aakanaj9ce59Haebzbz"
1113,556,1,"Haley 2","Cygnar Army - 75 / 75 points\n[Theme] Heavy Metal\n\n(Haley 2) Major Victoria Haley [+25]\n - Stormclad [18]\n - Thorn [13]\n - Squire [0(5)]\nCaptain Arlan Strangewayes [0(4)]\nJourneyman Warcaster [0(4)]\n - Firefly [8]\nLieutenant Allison Jakes [4]\n - Stormclad [18]\nField Mechaniks (min) [3]\nStorm Strider [18]\nStorm Strider [18]\n","c1101b_-0ngWf59b9b9b9b9b9b9biPiPakan9n___-0n8U9H9Aakanaj9ce59Haebzbz"
1164,582,2,"Reznik 1","Protectorate Army - 75 / 75 points\n[Theme] The Faithful Masses\n\n(Reznik 1) High Executioner Servath Reznik [+28]\n - Reckoner [16]\n - Redeemer [11]\n - Revenger [10]\n - Scourge of Heresy [16]\n - Hierophant [3]\nAllegiant of the Order of the Fist [3]\nThe Covenant of Menoth [0(4)]\nVassal Mechanik [1]\nVassal Mechanik [1]\nWrack [1]\nChoir of Menoth (max) [6]\nIdrian Skirmishers (max) [15]\n - Idrian Skirmisher Chieftain & Guide [0(5)]\nIdrian Skirmishers (max) [15]\n - Idrian Skirmisher Chieftain & Guide [5]\n","c2101b_-0O1b221G1H3I3q3k3C3t3t3B303G3H3G3H___-0c3K1X3U3Sf73B2_2MdSdS2K2L2K2L"
1165,582,2,"Thyra 1","Protectorate Army - 75 / 75 points\n[Theme] Guardians of the Temple\n\n(Thyra 1) Thyra, Flame of Sorrow [+29]\n - Guardian [15]\n - Sanctifier [14]\nNicia, Tear of Vengeance [0(5)]\nPyrrhus, Flameguard Hero [0(5)]\nWrack [1]\nChoir of Menoth (min) [4]\nDaughters of the Flame [10]\nFlame Bringers (max) [17]\nFlame Bringers (max) [17]\nTemple Flameguard (max) [11]\n - Temple Flameguard Officer & Standard [0(4)]\nTemple Flameguard (max) [11]\n - Temple Flameguard Officer & Standard [4]\n","c2101b_-0O1b221G1H3I3q3k3C3t3t3B303G3H3G3H___-0c3K1X3U3Sf73B2_2MdSdS2K2L2K2L"
1114,557,4,"Deneghra 1","Cryx Army - 75 / 75 points\n[Theme] The Ghost Fleet\n\n(Deneghra 1) Warwitch Deneghra [+28]\n - Deathripper [6]\n - Deathripper [6]\n - Deathripper [6]\n - Kraken [36]\nCaptain Rengrave [0(5)]\nHellslinger Phantom [0(7)]\nMachine Wraith [2]\nMachine Wraith [2]\nRevenant Crew of the Atramentous (min) [9]\n - Revenant Crew Rifleman (3) [6]\nRevenant Crew of the Atramentous (min) [9]\n - Revenant Crew Rifleman (3) [6]\nRevenant Crew of the Atramentous (min) [9]\n - Revenant Crew Rifleman (3) [6]\n","c4101b_-0g0x191919c32DhC2k2k203g203g203g___-0B0Fd-1h1h2Ai22E2n2oi5h-h_bBbB"
1115,557,4,"Skarre 1","Cryx Army - 75 / 75 points\n[Theme] Dark Host\n\n(Skarre 1) Pirate Queen Skarre [+28]\n - Inflictor [13]\n - Stalker [8]\n - Stalker [8]\n - Skarlock Thrall [0(4)]\nBane Lord Tartarus [0(6)]\nDarragh Wrathe [9]\nNecrotech [2]\nScrap Thrall [2]\nBane Knights (max) [15]\nBane Warriors (max) [16]\n - Bane Warrior Officer & Standard [0(5)]\nWraith Engine [15]\nWraith Engine [15]\n","c4101b_-0g0x191919c32DhC2k2k203g203g203g___-0B0Fd-1h1h2Ai22E2n2oi5h-h_bBbB"
1154,577,5,"Helynna 1","Retribution Army - 75 / 75 points\n[Theme] Legions of Dawn\n\n(Helynna 1) Magister Helynna [+30]\n - Chimera [8]\n - Manticore [14]\n - Manticore [14]\n - Manticore [14]\nArcanist Mechanik [2]\nArcanist Mechanik [2]\nDawnguard Sentinel Scyir [0(4)]\nDawnguard Sentinel Scyir [0(4)]\nEilish Garrity, the Occultist [5]\nDawnguard Sentinels (max) [18]\n - Dawnguard Sentinel Officer & Standard [4]\n - Soulless Escort (1) [1]\nDawnguard Sentinels (max) [18]\n - Dawnguard Sentinel Officer & Standard [4]\n - Soulless Escort (1) [1]\n","c5101b_-0Xg01g0v0v0v3y3y3J3Jj62V313u2V313u___-0hb-4G2w2w2w2wgjd_3y3y4LhM3u"
1155,577,5,"Vyros 2","Retribution Army - 75 / 75 points\n[Theme] Forges of War\n\n(Vyros 2) Vyros, Incissar of the Dawnguard [+27]\n - Aspis [6]\n - Griffon [8]\n - Griffon [8]\n - Griffon [8]\n - Griffon [8]\n - Helios [34]\n - Imperatus [22]\nArcanist Mechanik [0(2)]\nArcanist Mechanik [0(2)]\nHouse Shyeel Artificer [0(5)]\nHouse Shyeel Arcanists [7]\n - Soulless Escort (1) [1]\n","c5101b_-0Xg01g0v0v0v3y3y3J3Jj62V313u2V313u___-0hb-4G2w2w2w2wgjd_3y3y4LhM3u"
1086,543,6,"Fiona 1","Mercenary Army - 75 / 75 points\n[Theme] The Irregulars\n\n(Fiona 1) Fiona the Black [+31]\n - Freebooter [9]\n - Nomad [11]\n - Nomad [11]\n - Sylys Wyshnalyrr, The Seeker [0(4)]\nEilish Garrity, the Occultist [0(5)]\nRhupert Carvolo, Piper of Ord [0(4)]\nWrong Eye [17]\nCylena Raefyll & Nyss Hunters (max) [19]\nLady Aiyana & Master Holt [8]\nPress Gangers (max) [12]\nPress Gangers (max) [12]\nThe Commodore Cannon & Crew [7]\n","c6101b_-0J8g8j5Z5Z9vj67zbF758Mixixca___-0mb_94949492939393939i9hiripiphX"
1087,543,6,"Ossrum 1","Mercenary Army - 75 / 75 points\n[Theme] Hammer Strike\n\n(Ossrum 1) General Ossrum [+28]\n - Ghordson Driller [10]\n - Ghordson Driller [10]\n - Ghordson Driller [10]\n - Grundback Blaster [6]\n - Grundback Gunner [6]\n - Grundback Gunner [6]\n - Grundback Gunner [6]\n - Grundback Gunner [6]\nOgrun Bokur [0(5)]\nHerne & Jonne [5]\nHorgenhold Artillery Corps [0(6)]\nHorgenhold Forge Guard (min) [10]\nHorgenhold Forge Guard (min) [10]\nHammerfall Siege Crawler [18]\n","c6101b_-0J8g8j5Z5Z9vj67zbF758Mixixca___-0mb_94949492939393939i9hiripiphX"
1152,576,3,"Old Witch 2","Khador Army - 75 / 75 points\n[Theme] Legion of Steel\n\n(Old Witch 2) Zevanna Agha, The Fate Keeper [+27]\n - Destroyer [14]\n - Devastator [14]\n - Reinholdt, Gobber Speculator [4]\nIron Fang Kovnik [0(4)]\nIron Fang Kovnik [0(4)]\nUhlan Kovnik Markov [7]\nBattle Mechaniks (min) [3]\nBlack Dragons (min) [10]\n - Black Dragon Officer & Standard [0(4)]\nBlack Dragons (max) [17]\n - Black Dragon Officer & Standard [4]\nIron Fang Pikemen (min) [9]\nIron Fang Uhlans (max) [20]\n","c3101b_-0yhz7p7q7ididi8x86fRbPfSbP7G7K___-0x8D0d7s7s7t7t7thF7whF7y8rch"
1153,576,3,"Harkevich 1","Khador Army - 75 / 75 points\n[Theme] Jaws of the Wolf\n\n(Harkevich 1) Kommander Harkevich, The Iron Wolf [+28]\n - Juggernaut [12]\n - Kodiak [13]\n - Kodiak [13]\n - Marauder [10]\n - Marauder [10]\n - Marauder [10]\nGreylord Forge Seer [0(4)]\n - Behemoth [25]\nGreylord Forge Seer [0(4)]\nOrin Midwinter, Rogue Inquisitor [5]\nWidowmaker Marksman [0(4)]\nKayazy Eliminators [5]\n","c3101b_-0yhz7p7q7ididi8x86fRbPfSbP7G7K___-0x8D0d7s7s7t7t7thF7whF7y8rch"
1088,544,1,"Haley 2","Cygnar Army - 70 / 75 points\n[Theme] Storm Division\n\n(Haley 2) Major Victoria Haley [+25]\n - Stormclad [18]\n - Thorn [13]\nCaptain Arlan Strangewayes [0(4)]\nMajor Katherine Laddermore [8]\nRhupert Carvolo, Piper of Ord [4]\nSavio Montero Acosta [0(6)]\nStorm Lances (min) [12]\nStorm Lances (min) [12]\nStormblade Infantry [10]\n - Stormblade Infantry Officer & Standard [0(5)]\nStorm Strider [18]\n","c1101b_-0e8U9H9Aanao7zfjacaca5a6bz___-0n919b9b9c9cicaj9bg8aeaebzbz"
1089,544,1,"Brisbane 1","Cygnar Army - 75 / 75 points\n[Theme] Heavy Metal\n\n(Brisbane 1) Major Markus ""Siege"" Brisbane [+28]\n - Charger [9]\n - Charger [9]\n - Firefly [8]\n - Firefly [8]\n - Triumph [18]\nJourneyman Warcaster [0(4)]\n - Charger [9]\nMajor Harrison Gibbs [0(4)]\nField Mechaniks (min) [3]\nField Mechaniks (min) [3]\nStorm Strider [18]\nStorm Strider [18]\n","c1101b_-0e8U9H9Aanao7zfjacaca5a6bz___-0n919b9b9c9cicaj9bg8aeaebzbz"
1166,583,3,"Butcher 3","Khador Army - 75 / 75 points\n[Theme] Jaws of the Wolf\n\n(Butcher 3) Kommander Zoktavir, The Butcher Unleashed [+22]\n - Juggernaut [12]\n - Marauder [10]\n - Marauder [10]\n - Marauder [10]\n - Ruin [17]\nGreylord Forge Seer [0(4)]\n - Behemoth [25]\nGreylord Forge Seer [0(4)]\nOrin Midwinter, Rogue Inquisitor [5]\nYuri the Axe [0(6)]\nBattle Mechaniks (min) [3]\nKayazy Eliminators [5]\n","c3101b_-0xdI0d7t7t7teQhF7whF7y8y86ch___-0f797p7p8t6i8I7Z7Z7S7S7S7-7Y7Y"
1167,583,3,"Irusk 2","Khador Army - 75 / 75 points\n[Theme] Winter Guard Kommand\n\n(Irusk 2) Supreme Kommandant Irusk [+27]\n - Destroyer [14]\n - Destroyer [14]\nKovnik Jozef Grigorovich [4]\nAlexia Ciannor & the Risen [10]\n - Koldun Kapitan Valachev [4]\nWinter Guard Field Gun Crew [0(4)]\nWinter Guard Field Gun Crew [0(4)]\nWinter Guard Infantry (max) [10]\nWinter Guard Infantry (max) [10]\nWinter Guard Infantry (max) [10]\nWinter Guard Mortar Crew [0(5)]\nWinter Guard Rifle Corps (max) [13]\nWinter Guard Rifle Corps (max) [13]\n","c3101b_-0xdI0d7t7t7teQhF7whF7y8y86ch___-0f797p7p8t6i8I7Z7Z7S7S7S7-7Y7Y"
1156,578,4,"Coven 1","Cryx Army - 75 / 75 points\n[Theme] Dark Host\n\n(Coven 1) The Witch Coven of Garlghast [+26]\n - Deathripper [6]\n - Deathripper [6]\n - Desecrator [14]\nBane Lord Tartarus [0(6)]\nBane Riders (max) [20]\nBane Riders (max) [20]\nBane Warriors (min) [10]\n - Bane Warrior Officer & Standard [0(5)]\nBane Warriors (min) [10]\n - Bane Warrior Officer & Standard [0(5)]\nWraith Engine [15]\n","c4101b_-0B0Z19193ci2dWdWhZh_hZh_bB___-0Y0x191f1h1h8S2x2x1Rgege1N1P1N1PeR"
1157,578,4,"Deneghra 1","Cryx Army - 75 / 75 points\n[Theme] Scourge of the Broken Coast\n\n(Deneghra 1) Warwitch Deneghra [+28]\n - Deathripper [6]\n - Nightwretch [7]\n - Stalker [8]\n - Stalker [8]\nLord Rockbottom [4]\nSatyxis Raider Captain [0(4)]\nSatyxis Raider Captain [0(4)]\nSatyxis Blood Witches (max) [13]\nSatyxis Gunslingers [7]\nSatyxis Gunslingers [7]\nSatyxis Raiders (max) [16]\n - Satyxis Raider Sea Witch [0(3)]\nSatyxis Raiders (max) [16]\n - Satyxis Raider Sea Witch [3]\nThe Devil's Shadow Mutineers [8]\n","c4101b_-0B0Z19193ci2dWdWhZh_hZh_bB___-0Y0x191f1h1h8S2x2x1Rgege1N1P1N1PeR"
1146,573,1,"Brisbane 1","Cygnar Army - 75 / 75 points\n[Theme] Storm Division\n\n(Brisbane 1) Major Markus ""Siege"" Brisbane [+28]\n - Charger [9]\n - Charger [9]\n - Firefly [8]\n - Firefly [8]\n - Squire [0(5)]\nJourneyman Warcaster [0(4)]\n - Sentinel [8]\nSavio Montero Acosta [0(6)]\nStormblade Captain [5]\nStorm Lances (max) [20]\nStorm Strider [18]\nStorm Strider [18]\n","c1101b_-0e919b9b9c9cakaj9zfjdhadbzbz___-0e7Cf6akaoada5a6a5a6bz"
1147,573,1,"Stryker 1","Cygnar Army - 75 / 75 points\n[Theme] Storm Division\n\n(Stryker 1) Commander Coleman Stryker [+30]\n - Hurricane [39]\n - Squire [0(5)]\nMajor Katherine Laddermore [8]\nStorm Lances (max) [20]\nStormblade Infantry [10]\n - Stormblade Infantry Officer & Standard [0(5)]\nStormblade Infantry [10]\n - Stormblade Infantry Officer & Standard [0(5)]\nStorm Strider [18]\n","c1101b_-0e919b9b9c9cakaj9zfjdhadbzbz___-0e7Cf6akaoada5a6a5a6bz"
1098,549,1,"Haley 3","Cygnar Army - 74 / 75 points\n[Theme] Storm Division\n\n(Haley 3) Major Prime Victoria Haley [+25]\n - Ironclad [12]\n - Thorn [13]\n - Squire [0(5)]\nJourneyman Warcaster [0(4)]\n - Firefly [8]\nStormblade Captain [5]\nCylena Raefyll & Nyss Hunters (max) [19]\n - Captain Jonas Murdoch [4]\nStorm Lances (max) [20]\nStorm Strider [18]\n","c1101b_-0eeS9G9Aakaj9cdh75ayadbz___-0e7C9c9G9yakao7zdhdhacaca5a6a8a5a6a8"
1099,549,1,"Stryker 1","Cygnar Army - 74 / 75 points\n[Theme] Storm Division\n\n(Stryker 1) Commander Coleman Stryker [+30]\n - Firefly [8]\n - Ironclad [12]\n - Lancer [10]\n - Squire [0(5)]\nMajor Katherine Laddermore [8]\nRhupert Carvolo, Piper of Ord [4]\nStormblade Captain [0(5)]\nStormblade Captain [0(5)]\nStorm Lances (min) [12]\nStorm Lances (min) [12]\nStormblade Infantry [10]\n - Stormblade Infantry Officer & Standard [5]\n - Stormblade Infantry Storm Gunner (2) [4]\nStormblade Infantry [10]\n - Stormblade Infantry Officer & Standard [5]\n - Stormblade Infantry Storm Gunner (2) [4]\n","c1101b_-0eeS9G9Aakaj9cdh75ayadbz___-0e7C9c9G9yakao7zdhdhacaca5a6a8a5a6a8"
1116,558,9,"Xerxis 1","Skorne Army - 75 / 75 points\n[Theme] Masters of War\n\n(Xerxis 1) Tyrant Xerxis [+28]\n - Basilisk Krea [7]\n - Tiberion [22]\n - Titan Gladiator [15]\nMortitheurge Willbreaker [4]\nTyrant Rhadeim [9]\nLegends of Halaak [8]\nPaingiver Beast Handlers (min) [5]\nPraetorian Ferox (max) [20]\nPraetorian Swordsmen (max) [13]\n - Praetorian Swordsman Officer & Standard [0(4)]\nTyrant Commander & Standard Bearer [0(6)]\n","c9101b_-0Z4b4x6V5Gcv6yfs5U676c6d6h___-0k6I4x6S4C4C6v6vgggg5U6p6F6p6F6WhV"
1117,558,9,"Rasheth 1","Skorne Army - 75 / 75 points\n[Theme] Winds of Death\n\n(Rasheth 1) Dominar Rasheth [+28]\n - Basilisk Krea [7]\n - Cyclops Raider [9]\n - Cyclops Shaman [8]\n - Cyclops Shaman [8]\nExtoller Soulward [0(3)]\nExtoller Soulward [3]\nVenator Dakar [0(4)]\nVenator Dakar [0(4)]\nPaingiver Beast Handlers (min) [5]\nVenator Reivers (max) [15]\n - Venator Reiver Officer & Standard [4]\nVenator Reivers (max) [15]\n - Venator Reiver Officer & Standard [4]\nVenator Slingers (min) [8]\nSiege Animantarax [17]\n","c9101b_-0Z4b4x6V5Gcv6yfs5U676c6d6h___-0k6I4x6S4C4C6v6vgggg5U6p6F6p6F6WhV"
1110,555,12,"Axis 1","Convergence Army - 75 / 75 points\n[Theme] Clockwork Legions\n\n(Axis 1) Axis, the Harmonic Enforcer [+30]\n - Conservator [12]\n - Conservator [12]\n - Conservator [12]\n - Corollary [6]\n - Diffuser [6]\nAlgorithmic Dispersion Optifex [2]\nEnigma Foundry [0(4)]\nEnigma Foundry [0(4)]\nEnigma Foundry [4]\nEnigma Foundry [4]\nClockwork Angels [5]\nClockwork Angels [5]\nObstructors (max) [11]\nObstructors (max) [11]\nObstructors (max) [11]\nOptifex Directive [4]\n","cc101b_-0Sd8dndndndBd4dCdEdEdEdEdcdcdqdqdqdz___-0idkdmdmdmdBd4dedfdfdfdzdFdF"
1111,555,12,"Directrix 1","Convergence Army - 75 / 75 points\n[Theme] Destruction Initiative\n\n(Directrix 1) Iron Mother Directrix [+27]\n - Assimilator [16]\n - Assimilator [16]\n - Assimilator [16]\n - Corollary [6]\n - Diffuser [6]\nAttunement Servitors [0(4)]\nElimination Servitors [0(3)]\nElimination Servitors [0(3)]\nElimination Servitors [0(3)]\nOptifex Directive [4]\nTransfinite Emergence Projector [19]\nTransfinite Emergence Projector [19]\n","cc101b_-0Sd8dndndndBd4dCdEdEdEdEdcdcdqdqdqdz___-0idkdmdmdmdBd4dedfdfdfdzdFdF"
1090,545,14,"Heretic 1","Grymkin Army - 75 / 75 points\n[Theme] Dark Menagerie\n\n(Heretic 1) The Heretic [+28]\n - Cage Rager [14]\n - Cage Rager [14]\n - Crabbit [0(n/a)]\n - Crabbit [0(n/a)]\n - Frightmare [9]\n - Frightmare [9]\n - Gorehound [6]\n - Rattler [8]\n - Skin & Moans [15]\n - Skin & Moans [15]\nGremlin Swarm [0(3)]\nGremlin Swarm [0(3)]\nGremlin Swarm [0(3)]\nGremlin Swarm [0(3)]\nDeath Knell [13]\n","ce101b_-0rhuh2h2hyhyh5h5h6h7h3h3hmhmhmhmhr___-0rhth2h2hyh4h6h7h3h3hmhmhmhmhnh8hr"
1091,545,14,"Dreamer 1","Grymkin Army - 75 / 75 points\n[Theme] Dark Menagerie\n\n(Dreamer 1) The Dreamer [+28]\n - Cage Rager [14]\n - Cage Rager [14]\n - Crabbit [0(n/a)]\n - Crabbits (2) [7]\n - Gorehound [6]\n - Rattler [8]\n - Skin & Moans [15]\n - Skin & Moans [15]\nGremlin Swarm [0(3)]\nGremlin Swarm [0(3)]\nGremlin Swarm [0(3)]\nGremlin Swarm [0(3)]\nLady Karianna Rose [4]\nDread Rots (min) [7]\nDeath Knell [13]\n","ce101b_-0rhuh2h2hyhyh5h5h6h7h3h3hmhmhmhmhr___-0rhth2h2hyh4h6h7h3h3hmhmhmhmhnh8hr"
1084,542,10,"Lylyth 3","Legion Army - 75 / 75 points\n\n(Lylyth 3) Lylyth, Reckoning of Everblight [+29]\n - Carnivean [19]\n - Naga Nightlurker [8]\n - Nephilim Bolt Thrower [11]\n - Raek [8]\n - Seraph [14]\n - Typhon [24]\n - Succubus [4]\nStrider Deathstalker [4]\nStrider Deathstalker [4]\nThe Forsaken [4]\nThe Forsaken [4]\n","ca101bcVaQbvbfaMaOaRbubdbdb9b9___-0tewaPbvbwbgbgaOcob9b9br"
1085,542,10,"Absylonia 2","Legion Army - 75 / 75 points\n[Theme] Oracles of Annihilation\n\n(Absylonia 2) Absylonia, Daughter of Everblight [+28]\n - Angelius [17]\n - Naga Nightlurker [8]\n - Proteus [19]\n - Scythean [18]\n - Scythean [18]\n - Seraph [14]\nSpell Martyr [0(1)]\nThe Forsaken [0(4)]\nThe Forsaken [0(4)]\nBlackfrost Shard [9]\n","ca101bcVaQbvbfaMaOaRbubdbdb9b9___-0tewaPbvbwbgbgaOcob9b9br"
1100,550,6,"Damiano 1","Mercenary Army - 75 / 75 points\n[Theme] The Irregulars\n\n(Damiano 1) Captain Damiano [+28]\n - Nomad [11]\n - Nomad [11]\n - Nomad [11]\n - Sylys Wyshnalyrr, The Seeker [0(4)]\nEiryss, Mage Hunter of Ios [0(7)]\nRhupert Carvolo, Piper of Ord [0(4)]\nSavio Montero Acosta [0(6)]\nCylena Raefyll & Nyss Hunters (max) [19]\nKayazy Eliminators [5]\nKayazy Eliminators [5]\nLady Aiyana & Master Holt [8]\nSteelhead Halberdiers (max) [11]\nSteelhead Halberdiers (max) [11]\nSteelhead Halberdiers (max) [11]\n","c6101b_-0J9p5Z5Z5Z9v3W7zfj75chch8MiBiBiB___-0J8b5Z5Z5I7i8P8j3W8S7z7B8jfj7_8MiBiBca"
1101,550,6,"Shae 1","Mercenary Army - 75 / 75 points\n[Theme] The Irregulars\n\n(Shae 1) Captain Phinneus Shae [+28]\n - Nomad [11]\n - Nomad [11]\n - Talon [7]\n - Reinholdt, Gobber Speculator [4]\nDirty Meg [3]\n - Freebooter [9]\nEiryss, Mage Hunter of Ios [0(7)]\nLord Rockbottom [4]\nRhupert Carvolo, Piper of Ord [4]\nRutger Shaw, Professional Adventurer [4]\n - Freebooter [9]\nSavio Montero Acosta [0(6)]\nTaryn di la Rovissi, Llaelese Gun Mage [0(5)]\nLady Aiyana & Master Holt [8]\nSteelhead Halberdiers (max) [11]\nSteelhead Halberdiers (max) [11]\nThe Commodore Cannon & Crew [7]\n","c6101b_-0J9p5Z5Z5Z9v3W7zfj75chch8MiBiBiB___-0J8b5Z5Z5I7i8P8j3W8S7z7B8jfj7_8MiBiBca"
1136,568,10,"Twins 2","Legion Army - 75 / 75 points\n[Theme] Oracles of Annihilation\n\n(Twins 2) Saeryn & Rhyas, Talons of Everblight [+24]\n - Angelius [17]\n - Naga Nightlurker [8]\n - Seraph [14]\n - Zuriel [18]\nBlighted Nyss Shepherd [1]\nBlighted Nyss Sorceress & Hellion [0(6)]\nThe Forsaken [0(4)]\nBlackfrost Shard [9]\nThrone of Everblight [16]\nThrone of Everblight [16]\n","ca101b_-0tfdaPbvaOeKbbbeb9brhWhW___-0tbtaPaPbvaObbbbbeb9bjblhWhW"
1137,568,10,"Vayl 2","Legion Army - 75 / 75 points\n[Theme] Oracles of Annihilation\n\n(Vayl 2) Vayl, Consul of Everblight [+28]\n - Angelius [17]\n - Angelius [17]\n - Naga Nightlurker [8]\n - Seraph [14]\nBlighted Nyss Shepherd [1]\nBlighted Nyss Shepherd [1]\nBlighted Nyss Sorceress & Hellion [0(6)]\nThe Forsaken [4]\nBlighted Nyss Hex Hunters (min) [9]\n - Bayal, Hound of Everblight [0(6)]\nThrone of Everblight [16]\nThrone of Everblight [16]\n","ca101b_-0tfdaPbvaOeKbbbeb9brhWhW___-0tbtaPaPbvaObbbbbeb9bjblhWhW"
1092,546,8,"Kaya 3","Circle Army - 75 / 75 points\n[Theme] Call of the Wild\n\n(Kaya 3) Kaya the Wildheart [+27]\n - Gorax Rager [7]\n - Scarsfell Griffon [8]\n - Scarsfell Griffon [8]\n - Scarsfell Griffon [8]\n - Warpwolf Stalker [19]\n - Warpwolf Stalker [19]\n - Wild Argus [7]\n - Wild Argus [7]\n - Druid Wilder [0(4)]\nBlackclad Wayfarer [0(4)]\nBlackclad Wayfarer [0(4)]\nWrong Eye [17]\nSwamp Gobbers Bellows Crew [2]\n","c8101b_-0WgU4B5H5H5H5l5l4z4z5A5g5gbF2N___-0j4w4O4M4zfrc9c9fF54eE4_525w56"
1093,546,8,"Mohsar 1","Circle Army - 75 / 75 points\n[Theme] The Devourer's Host\n\n(Mohsar 1) Mohsar the Desertwalker [+27]\n - Feral Warpwolf [18]\n - Pureblood Warpwolf [17]\n - Wild Argus [7]\nBloodweaver Night Witch [4]\nGallows Grove [2]\nGallows Grove [2]\nSwamp Gobber Chef [1]\nTharn Ravager Shaman [0(5)]\nDeath Wolves [9]\nTharn Bloodweavers [8]\nTharn Ravagers (max) [16]\n - Tharn Ravager Chieftain [0(5)]\nTharn Wolf Riders (max) [18]\n","c8101b_-0WgU4B5H5H5H5l5l4z4z5A5g5gbF2N___-0j4w4O4M4zfrc9c9fF54eE4_525w56"
1108,554,3,"Old Witch 2","Khador Army - 75 / 75 points\n[Theme] Jaws of the Wolf\n\n(Old Witch 2) Zevanna Agha, The Fate Keeper [+27]\n - Juggernaut [12]\n - Juggernaut [12]\n - Marauder [10]\n - Marauder [10]\n - Marauder [10]\n - Reinholdt, Gobber Speculator [4]\nGreylord Forge Seer [0(4)]\n - Behemoth [25]\nGreylord Forge Seer [0(4)]\nKayazy Assassins (min) [9]\n - Kayazy Assassin Underboss [0(4)]\nKayazy Eliminators [5]\nKayazy Eliminators [5]\n","c3101b_-0xhz0d0d7t7t7t7ihF7whFcecgchch___-0fdIc2eQ8t867R7T7U7-7X7W7X7W"
1109,554,3,"Butcher 3","Khador Army - 75 / 75 points\n[Theme] Winter Guard Kommand\n\n(Butcher 3) Kommander Zoktavir, The Butcher Unleashed [+22]\n - Conquest [37]\n - Ruin [17]\nKovnik Jozef Grigorovich [4]\nBattle Mechaniks (min) [3]\nWinter Guard Infantry (min) [6]\n - Winter Guard Infantry Officer & Standard [0(4)]\n - Winter Guard Rocketeer (1) [2]\nWinter Guard Mortar Crew [0(5)]\nWinter Guard Rifle Corps (min) [8]\n - Winter Guard Rocketeer (3) [6]\nWinter Guard Rifle Corps (min) [8]\n - Winter Guard Rocketeer (3) [6]\n","c3101b_-0xhz0d0d7t7t7t7ihF7whFcecgchch___-0fdIc2eQ8t867R7T7U7-7X7W7X7W"
1124,562,8,"Thorle 1","Circle Army - 75 / 75 points\n[Theme] The Bones of Orboros\n\n(Thorle 1) Bradigus Thorle the Runecarver [+27]\n - Wold Guardian [17]\n - Woldwarden [16]\n - Woldwarden [16]\n - Woldwatcher [9]\n - Woldwatcher [9]\n - Woldwatcher [9]\nBlackclad Stoneshaper [0(3)]\nBlackclad Stoneshaper [3]\nBlackclad Wayfarer [0(4)]\nBlackclad Wayfarer [0(4)]\nSentry Stone & Mannikins [5]\nSentry Stone & Mannikins [5]\nShifting Stones [3]\nStoneward & Woldstalkers [10]\n","c8101b_-0pex5m4P4P4F4F4Fg4g45g5g5e5e5f5d___-0Wfc4O5K4B4M5l4z4z4z5A5g5f5f"
1125,562,8,"Kromac 2","Circle Army - 75 / 75 points\n[Theme] Call of the Wild\n\n(Kromac 2) Kromac, Champion of the Wurm [+28]\n - Feral Warpwolf [18]\n - Ghetorix [21]\n - Gorax Rager [7]\n - Pureblood Warpwolf [17]\n - Warpwolf Stalker [19]\n - Wild Argus [7]\n - Wild Argus [7]\n - Wild Argus [7]\n - Druid Wilder [0(4)]\nBlackclad Wayfarer [0(4)]\nShifting Stones [0(3)]\nShifting Stones [0(3)]\n","c8101b_-0pex5m4P4P4F4F4Fg4g45g5g5e5e5f5d___-0Wfc4O5K4B4M5l4z4z4z5A5g5f5f"
1168,584,2,"Reznik 2","Protectorate Army - 75 / 75 points\n[Theme] The Faithful Masses\n\n(Reznik 2) Servath Reznik, Wrath of Ages [+29]\n - Crusader [10]\n - Crusader [10]\n - Crusader [10]\n - Guardian [15]\n - Scourge of Heresy [16]\nVassal of Menoth [3]\nWrack [1]\nChoir of Menoth (min) [4]\nIdrian Skirmishers (max) [15]\n - Idrian Skirmisher Chieftain & Guide [0(5)]\nIdrian Skirmishers (max) [15]\n - Idrian Skirmisher Chieftain & Guide [5]\n","c2101b_-0Oe71U1U1U1X3I3z3B2_3G3H3G3H___-0d0y221G1G2e3We4223t3z3z2_i8"
1169,584,2,"Kreoss 1","Protectorate Army - 75 / 75 points\n[Theme] The Creator's Might\n\n(Kreoss 1) High Exemplar Kreoss [+29]\n - Reckoner [16]\n - Redeemer [11]\n - Redeemer [11]\nAvatar of Menoth [20]\nEiryss, Mage Hunter of Ios [7]\nInitiate Tristan Durant [0(4)]\n - Reckoner [16]\nVassal Mechanik [1]\nVassal of Menoth [0(3)]\nVassal of Menoth [0(3)]\nChoir of Menoth (min) [4]\nVessel of Judgment [18]\n","c2101b_-0Oe71U1U1U1X3I3z3B2_3G3H3G3H___-0d0y221G1G2e3We4223t3z3z2_i8"
1144,572,5,"Elara 2","Retribution Army - 75 / 75 points\n[Theme] Defenders of Ios\n\n(Elara 2) Elara, Death's Shadow [+28]\n - Banshee [18]\n - Phoenix [18]\nHouseguard Thane [0(4)]\nHouseguard Thane [0(4)]\nHouseguard Halberdiers (max) [13]\n - Houseguard Halberdier Officer & Standard [0(4)]\n - Soulless Escort (1) [1]\nHouseguard Halberdiers (max) [13]\n - Houseguard Halberdier Officer & Standard [4]\n - Soulless Escort (1) [1]\nHouseguard Halberdiers (max) [13]\n - Houseguard Halberdier Officer & Standard [4]\n - Soulless Escort (1) [1]\nArcantrik Force Generator [17]\n","c5101b_-0zgx4E0udPdP35363u35363u35363uhT___-0A464l0v3y3W3-f3f38Mc-3m3o3m3ohP"
1145,572,5,"Ossyan 1","Retribution Army - 75 / 75 points\n[Theme] Shadows of the Retribution\n\n(Ossyan 1) Lord Arcanist Ossyan [+28]\n - Hypnos [18]\n - Manticore [14]\nArcanist Mechanik [2]\nEiryss, Mage Hunter of Ios [0(7)]\nNarn, Mage Hunter of Ios [0(6)]\nSoulless Voidtracer [2]\nSoulless Voidtracer [2]\nLady Aiyana & Master Holt [8]\nMage Hunter Infiltrators (min) [8]\nMage Hunter Strike Force (max) [16]\n - Mage Hunter Strike Force Commander [4]\nMage Hunter Strike Force (max) [16]\n - Mage Hunter Strike Force Commander [4]\nSpears of Scyrah [9]\n","c5101b_-0zgx4E0udPdP35363u35363u35363uhT___-0A464l0v3y3W3-f3f38Mc-3m3o3m3ohP"
1134,567,14,"Old Witch 3","Grymkin Army - 75 / 75 points\n[Theme] Bump in the Night\n\n(Old Witch 3) Zevanna Agha, The Fate Keeper [+27]\n - Frightmare [9]\n - Frightmare [9]\n - Gorehound [6]\n - Skin & Moans [15]\nLord Longfellow [0(6)]\nHollowmen (max) [13]\n - Lantern Man [0(3)]\nHollowmen (max) [13]\n - Lantern Man [0(3)]\nPiggybacks (max) [15]\nPiggybacks (max) [15]\nTwilight Sisters [7]\n","ce101b_-0shxh5h5h6h3hohbhjhbhjhghghh___-0rhuh2h2hyhyh5h5h6h7h3h3hmhmhmhmhr"
1135,567,14,"Heretic 1","Grymkin Army - 75 / 75 points\n[Theme] Dark Menagerie\n\n(Heretic 1) The Heretic [+28]\n - Cage Rager [14]\n - Cage Rager [14]\n - Crabbit [0(n/a)]\n - Crabbit [0(n/a)]\n - Frightmare [9]\n - Frightmare [9]\n - Gorehound [6]\n - Rattler [8]\n - Skin & Moans [15]\n - Skin & Moans [15]\nGremlin Swarm [0(3)]\nGremlin Swarm [0(3)]\nGremlin Swarm [0(3)]\nGremlin Swarm [0(3)]\nDeath Knell [13]\n","ce101b_-0shxh5h5h6h3hohbhjhbhjhghghh___-0rhuh2h2hyhyh5h5h6h7h3h3hmhmhmhmhr"
1130,565,10,"Fyanna 2","Legion Army - 75 / 75 points\n[Theme] Oracles of Annihilation\n\n(Fyanna 2) Fyanna, Torment of Everblight [+28]\n - Angelius [17]\n - Angelius [17]\n - Naga Nightlurker [8]\n - Neraph [12]\n - Neraph [12]\n - Seraph [14]\n - Succubus [4]\nBlighted Nyss Shepherd [1]\nBlighted Nyss Sorceress & Hellion [0(6)]\nSpell Martyr [1]\nThe Forsaken [4]\nThe Forsaken [4]\nBlighted Nyss Hex Hunters (min) [9]\n - Bayal, Hound of Everblight [0(6)]\n","ca101b_-0tgNaPaPbveJeJaObubbbecob9b9bjbl___-0tbtaPaPbvboaObbbeb9b9br2NhW"
1131,565,10,"Vayl 2","Legion Army - 75 / 75 points\n[Theme] Oracles of Annihilation\n\n(Vayl 2) Vayl, Consul of Everblight [+28]\n - Angelius [17]\n - Angelius [17]\n - Naga Nightlurker [8]\n - Ravagore [19]\n - Seraph [14]\nBlighted Nyss Shepherd [1]\nBlighted Nyss Sorceress & Hellion [0(6)]\nThe Forsaken [0(4)]\nThe Forsaken [0(4)]\nBlackfrost Shard [9]\nSwamp Gobbers Bellows Crew [2]\nThrone of Everblight [16]\n","ca101b_-0tgNaPaPbveJeJaObubbbecob9b9bjbl___-0tbtaPaPbvboaObbbeb9b9br2NhW"
1120,560,6,"Thexus 1","Mercenary Army - 74 / 75 points\n[Theme] Operating Theater\n\n(Thexus 1) Exulon Thexus [+29]\n - Wrecker [14]\n - Wrecker [14]\nMachine Wraith [2]\nMachine Wraith [2]\nMachine Wraith [2]\nPistol Wraith [5]\nPistol Wraith [5]\nCephalyx Mind Bender & Drudges (max) [11]\nCephalyx Mind Bender & Drudges (max) [11]\nCephalyx Mind Slaver & Drudges (max) [12]\nCephalyx Mind Slaver & Drudges (max) [12]\nCephalyx Mind Slaver & Drudges (max) [12]\nCephalyx Overlords [0(8)]\nCephalyx Overlords [0(8)]\n","c6101b_Z07enemem2k2k2k2t2tehehcjcjcjckck___-0Q8gc58N8O8Q8R8Six8Jiz8o8wiz8wca"
1121,560,6,"Fiona 1","Mercenary Army - 75 / 75 points\n[Theme] The Talion Charter\n\n(Fiona 1) Fiona the Black [+31]\n - Galleon [39]\nBloody Bradigan [3]\nBosun Grogspar [0(4)]\nDoc Killingsworth [0(4)]\nFirst Mate Hawk [0(4)]\nLord Rockbottom [0(4)]\nPress Gangers (max) [12]\nSea Dog Deck Gun [3]\nSea Dog Pirates (max) [13]\n - Mr. Walls, the Quartermaster [4]\n - Sea Dog Pirate Rifleman (3) [6]\nSea Dog Pirates (max) [13]\n - Sea Dog Pirate Rifleman (3) [6]\nThe Commodore Cannon & Crew [7]\n","c6101b_Z07enemem2k2k2k2t2tehehcjcjcjckck___-0Q8gc58N8O8Q8R8Six8Jiz8o8wiz8wca"
1074,537,6,"Ossrum 1","Mercenary Army - 75 / 75 points\n[Theme] Hammer Strike\n\n(Ossrum 1) General Ossrum [+28]\n - Ghordson Driller [10]\n - Ghordson Driller [10]\n - Grundback Blaster [6]\n - Grundback Gunner [6]\n - Grundback Gunner [6]\n - Grundback Gunner [6]\n - Grundback Gunner [6]\n - Grundback Gunner [6]\n - Grundback Gunner [6]\nHorgenhold Artillery Corps [0(6)]\nHorgenhold Artillery Corps [0(6)]\nHorgenhold Forge Guard (max) [16]\nTactical Arcanist Corps [7]\nHammerfall Siege Crawler [18]\n","c6101b_-0mb_949492939393939393iririqiEhX___-0J9p8i5X5Z5Z3W7y3G3Hcfcg8MiBiB"
1075,537,6,"Damiano 1","Mercenary Army - 75 / 75 points\n[Theme] The Irregulars\n\n(Damiano 1) Captain Damiano [+28]\n - Buccaneer [6]\n - Mangler [15]\n - Nomad [11]\n - Nomad [11]\nEiryss, Mage Hunter of Ios [0(7)]\nOrin Midwinter, Rogue Inquisitor [0(5)]\nIdrian Skirmishers (max) [15]\n - Idrian Skirmisher Chieftain & Guide [0(5)]\nKayazy Assassins (max) [15]\n - Kayazy Assassin Underboss [0(4)]\nLady Aiyana & Master Holt [8]\nSteelhead Halberdiers (max) [11]\nSteelhead Halberdiers (max) [11]\n","c6101b_-0mb_949492939393939393iririqiEhX___-0J9p8i5X5Z5Z3W7y3G3Hcfcg8MiBiB"
1128,564,1,"Brisbane 1","Cygnar Army - 75 / 75 points\n[Theme] Heavy Metal\n\n(Brisbane 1) Major Markus ""Siege"" Brisbane [+28]\n - Hurricane [39]\n - Squire [0(5)]\nCaptain Arlan Strangewayes [0(4)]\nJourneyman Warcaster [0(4)]\n - Firefly [8]\nLieutenant Allison Jakes [4]\n - Firefly [8]\nLady Aiyana & Master Holt [8]\nStorm Strider [18]\nStorm Strider [18]\n","c1101b_-0n91f6akanaj9ce59c8Mbzbz___-0n7Cc0c0akanaj9be59baf"
1129,564,1,"Stryker 1","Cygnar Army - 75 / 75 points\n[Theme] Heavy Metal\n\n(Stryker 1) Commander Coleman Stryker [+30]\n - Stormwall [39]\n - Stormwall [39]\n - Squire [0(5)]\nCaptain Arlan Strangewayes [0(4)]\nJourneyman Warcaster [0(4)]\n - Charger [9]\nLieutenant Allison Jakes [4]\n - Charger [9]\nField Mechaniks (max) [5]\n","c1101b_-0n91f6akanaj9ce59c8Mbzbz___-0n7Cc0c0akanaj9be59baf"
1158,579,4,"Coven 1","Cryx Army - 75 / 75 points\n[Theme] Dark Host\n\n(Coven 1) The Witch Coven of Garlghast [+26]\n - Deathripper [6]\n - Deathripper [6]\n - Desecrator [14]\nBane Lord Tartarus [0(6)]\nBane Riders (max) [20]\nBane Riders (max) [20]\nBane Warriors (min) [10]\n - Bane Warrior Officer & Standard [0(5)]\nBane Warriors (min) [10]\n - Bane Warrior Officer & Standard [0(5)]\nWraith Engine [15]\n","c4101b_-0B0Z19193ci2dWdWhZh_hZh_bB___-0g0x19191h1h2DhC2t2a23203g203g203gbB"
1159,579,4,"Deneghra 1","Cryx Army - 75 / 75 points\n[Theme] The Ghost Fleet\n\n(Deneghra 1) Warwitch Deneghra [+28]\n - Deathripper [6]\n - Deathripper [6]\n - Stalker [8]\n - Stalker [8]\nCaptain Rengrave [0(5)]\nHellslinger Phantom [0(7)]\nPistol Wraith [0(5)]\nBlackbane's Ghost Raiders (min) [11]\nRevenant Cannon Crew [4]\nRevenant Crew of the Atramentous (min) [9]\n - Revenant Crew Rifleman (3) [6]\nRevenant Crew of the Atramentous (min) [9]\n - Revenant Crew Rifleman (3) [6]\nRevenant Crew of the Atramentous (min) [9]\n - Revenant Crew Rifleman (3) [6]\nWraith Engine [15]\n","c4101b_-0B0Z19193ci2dWdWhZh_hZh_bB___-0g0x19191h1h2DhC2t2a23203g203g203gbB"
1076,538,8,"Wurmwood 1","Circle Army - 75 / 75 points\n[Theme] The Devourer's Host\n\n(Wurmwood 1) Wurmwood, Tree of Fate [+27]\n - Gorax Rager [7]\n - Pureblood Warpwolf [17]\n - Pureblood Warpwolf [17]\n - Warpwolf Stalker [19]\nLanyssa Ryssyl, Nyss Sorceress [4]\nLord of the Feast [6]\nTharn Ravager Shaman [0(5)]\nFarrow Bone Grinders (min) [5]\nShifting Stones [3]\nTharn Bloodtrackers (max) [16]\nTharn Bloodweavers [8]\n","c8101b_-0j5v4B4M4M5l4k5h540U5f4Z4___3T4BgZ4M4M5l5ghmhm4k5f5f"
1077,538,8,"Kaya 2","Circle Army - 75 / 75 points\n\n(Kaya 2) Kaya the Moonhunter [+24]\n - Gorax Rager [7]\n - Loki [19]\n - Pureblood Warpwolf [17]\n - Pureblood Warpwolf [17]\n - Warpwolf Stalker [19]\nBlackclad Wayfarer [4]\nGremlin Swarm [3]\nGremlin Swarm [3]\nLanyssa Ryssyl, Nyss Sorceress [4]\nShifting Stones [3]\nShifting Stones [3]\n","c8101b_-0j5v4B4M4M5l4k5h540U5f4Z4___3T4BgZ4M4M5l5ghmhm4k5f5f"
1148,574,14,"Wanderer 1","Grymkin Army - 75 / 75 points\n[Theme] Bump in the Night\n\n(Wanderer 1) The Wanderer [+28]\n - Cage Rager [14]\n - Crabbits (2) [7]\n - Crabbits (2) [7]\n - Gorehound [6]\n - Gorehound [6]\nEilish Garrity, the Occultist [0(5)]\nGlimmer Imp [0(4)]\nLord Longfellow [0(6)]\nHollowmen (max) [13]\n - Lantern Man [3]\nHollowmen (max) [13]\n - Lantern Man [3]\nNeigh Slayers (max) [12]\nNeigh Slayers (max) [12]\nTwilight Sisters [7]\n","ce101b_-0shwh2h4h4h6h6j6hlhohbhjhbhjhehehh___-0rhth2h2hyh4h6h7h3h3hmhmhmhmhnh8hr"
1149,574,14,"Dreamer 1","Grymkin Army - 75 / 75 points\n[Theme] Dark Menagerie\n\n(Dreamer 1) The Dreamer [+28]\n - Cage Rager [14]\n - Cage Rager [14]\n - Crabbit [0(n/a)]\n - Crabbits (2) [7]\n - Gorehound [6]\n - Rattler [8]\n - Skin & Moans [15]\n - Skin & Moans [15]\nGremlin Swarm [0(3)]\nGremlin Swarm [0(3)]\nGremlin Swarm [0(3)]\nGremlin Swarm [0(3)]\nLady Karianna Rose [4]\nDread Rots (min) [7]\nDeath Knell [13]\n","ce101b_-0shwh2h4h4h6h6j6hlhohbhjhbhjhehehh___-0rhth2h2hyh4h6h7h3h3hmhmhmhmhnh8hr"
1132,566,3,"Sorscha 1","Khador Army - 75 / 75 points\n[Theme] Winter Guard Kommand\n\n(Sorscha 1) Kommander Sorscha [+29]\n - Destroyer [14]\n - Devastator [14]\n - Marauder [10]\n - War Dog [3]\nKovnik Jozef Grigorovich [4]\nWidowmaker Marksman [4]\nLady Aiyana & Master Holt [8]\n - Koldun Kapitan Valachev [4]\nWinter Guard Infantry (min) [6]\n - Winter Guard Rocketeer (3) [6]\nWinter Guard Mortar Crew [0(5)]\nWinter Guard Mortar Crew [0(5)]\nWinter Guard Rifle Corps (min) [8]\n - Winter Guard Rocketeer (3) [6]\nWinter Guard Gun Carriage [17]\n","c3101b_-0f477p7q7t8f8t8r8M8I7R7W7-7-7X7Wi6___-0xdI7t7t7teQhF7whF7y8r8ych8c"
1133,566,3,"Butcher 3","Khador Army - 75 / 75 points\n[Theme] Jaws of the Wolf\n\n(Butcher 3) Kommander Zoktavir, The Butcher Unleashed [+22]\n - Marauder [10]\n - Marauder [10]\n - Marauder [10]\n - Ruin [17]\nGreylord Forge Seer [0(4)]\n - Behemoth [25]\nGreylord Forge Seer [4]\nOrin Midwinter, Rogue Inquisitor [5]\nWidowmaker Marksman [4]\nYuri the Axe [0(6)]\nKayazy Eliminators [5]\nKossite Woodsmen (min) [7]\n","c3101b_-0f477p7q7t8f8t8r8M8I7R7W7-7-7X7Wi6___-0xdI7t7t7teQhF7whF7y8r8ych8c"
1150,575,12,"Axis 1","Convergence Army - 75 / 75 points\n[Theme] Destruction Initiative\n\n(Axis 1) Axis, the Harmonic Enforcer [+30]\n - Conservator [12]\n - Conservator [12]\n - Conservator [12]\n - Corollary [6]\n - Galvanizer [5]\n - Galvanizer [5]\n - Galvanizer [5]\n - Galvanizer [5]\n - Inverter [15]\nAttunement Servitors [0(4)]\nAttunement Servitors [0(4)]\nEilish Garrity, the Occultist [5]\nReflex Servitors [0(4)]\nReflex Servitors [0(4)]\nOptifex Directive [4]\nTransfinite Emergence Projector [19]\n","cc101b_-0id8dndndndBd5d5d5d5d9dedej6dgdgdzdF___-0SdjdBd4dbj6dEdEdEdEdqdqdu"
1151,575,12,"Lucant 1","Convergence Army - 75 / 75 points\n[Theme] Clockwork Legions\n\n(Lucant 1) Father Lucant, Divinity Architect [+28]\n - Corollary [6]\n - Diffuser [6]\n - Prime Axiom [38]\nEilish Garrity, the Occultist [5]\nEnigma Foundry [0(4)]\nEnigma Foundry [0(4)]\nEnigma Foundry [4]\nEnigma Foundry [4]\nObstructors (max) [11]\nObstructors (max) [11]\nReciprocators (max) [18]\n","cc101b_-0id8dndndndBd5d5d5d5d9dedej6dgdgdzdF___-0SdjdBd4dbj6dEdEdEdEdqdqdu"
1126,563,6,"Gorten 1","Mercenary Army - 74 / 75 points\n[Theme] The Irregulars\n\n(Gorten 1) Gorten Grundback [+31]\n - Ghordson Avalancher [17]\n - Ghordson Basher [9]\n - Grundback Blaster [6]\n - Grundback Blaster [6]\nRaluk Moorclaw, the Ironmonger [0(4)]\nRhupert Carvolo, Piper of Ord [0(4)]\nThor Steinhammer [0(4)]\nCaptain Sam MacHorne & the Devil Dogs (min) [12]\n - Mangler [15]\nGreygore Boomhowler & Co. (max) [17]\nLady Aiyana & Master Holt [8]\nPrecursor Knights (max) [15]\n - Precursor Knight Officer & Standard [0(4)]\n","c6101b_-0J8-c79o9292dL7z9j6_5X7g8Mcccd___-0J909odOdO7kdL7z9jc7"
1127,563,6,"Durgen 1","Mercenary Army - 73 / 75 points\n[Theme] The Irregulars\n\n(Durgen 1) Durgen Madhammer [+29]\n - Ghordson Basher [9]\n - Ghordson Earthbreaker [38]\n - Ghordson Earthbreaker [38]\nGorman di Wulfe, Rogue Alchemist [0(4)]\nRaluk Moorclaw, the Ironmonger [0(4)]\nRhupert Carvolo, Piper of Ord [0(4)]\nThor Steinhammer [0(4)]\n - Ghordson Avalancher [17]\n","c6101b_-0J8-c79o9292dL7z9j6_5X7g8Mcccd___-0J909odOdO7kdL7z9jc7"
1080,540,8,"Wurmwood 1","Circle Army - 75 / 75 points\n\n(Wurmwood 1) Wurmwood, Tree of Fate [+27]\n - Megalith [20]\n - Pureblood Warpwolf [17]\n - Warpwolf Stalker [19]\n - Woldwyrd [9]\n - Woldwyrd [9]\nGallows Grove [2]\nGallows Grove [2]\nGatorman Bokor & Bog Trog Swamp Shamblers [11]\nSentry Stone & Mannikins [5]\nSentry Stone & Mannikins [5]\nShifting Stones [3]\n","c8101b5v4Q4M5l4H4Hc9c9cR5e5e5f__4a4BgZ4Q4M4H4H5gc9c95e5e5f"
1081,540,8,"Krueger 2","Circle Army - 75 / 75 points\n\n(Krueger 2) Krueger the Stormlord [+27]\n - Gorax Rager [7]\n - Loki [19]\n - Megalith [20]\n - Pureblood Warpwolf [17]\n - Woldwyrd [9]\n - Woldwyrd [9]\nBlackclad Wayfarer [4]\nGallows Grove [2]\nGallows Grove [2]\nSentry Stone & Mannikins [5]\nSentry Stone & Mannikins [5]\nShifting Stones [3]\n","c8101b5v4Q4M5l4H4Hc9c9cR5e5e5f__4a4BgZ4Q4M4H4H5gc9c95e5e5f"
1122,561,7,"Gunnbjorn 1","Trollbloods Army - 74 / 75 points\n[Theme] The Power of Dhunia\n\n(Gunnbjorn 1) Captain Gunnbjorn [+28]\n - Dire Troll Bomber [19]\n - Dozer & Smigg [18]\n - Mountain King [36]\n - Troll Axer [10]\n - Trollkin Runebearer [0(4)]\nJanissa Stonetide [0(4)]\nNorthkin Shaman [0(4)]\nTroll Whelps [4]\nDhunian Knot [6]\nKrielstone Bearer & Stone Scribes (min) [6]\n - Stone Scribe Elder [3]\n","c7101b_-0b020resc60hbL7dfJ6Rfp0k0m___-0a4N0r9DbLj66G6G0k0m6kbK6kcB"
1123,561,7,"Madrak 1","Trollbloods Army - 74 / 75 points\n[Theme] Band of Heroes\n\n(Madrak 1) Madrak Ironhide, Thornwood Chieftain [+29]\n - Dire Troll Bomber [19]\n - Dire Troll Mauler [15]\n - Trollkin Runebearer [4]\nEilish Garrity, the Occultist [5]\nFell Caller Hero [0(5)]\nFell Caller Hero [0(5)]\nKrielstone Bearer & Stone Scribes (min) [6]\n - Stone Scribe Elder [3]\nTrollkin Champions (max) [17]\n - Skaldi Bonehammer [0(5)]\nTrollkin Champions (max) [17]\nTrollkin Warders (max) [17]\n","c7101b_-0b020resc60hbL7dfJ6Rfp0k0m___-0a4N0r9DbLj66G6G0k0m6kbK6kcB"
1104,552,1,"Stryker 2","Cygnar Army - 75 / 75 points\n[Theme] Storm Division\n\n(Stryker 2) Lord Commander Stryker [+28]\n - Centurion [17]\n - Ironclad [12]\n - Squire [0(5)]\nJourneyman Warcaster [0(4)]\n - Firefly [8]\nMajor Katherine Laddermore [8]\nRhupert Carvolo, Piper of Ord [4]\nStorm Lances (max) [20]\nStorm Lances (max) [20]\nStormblade Infantry [10]\n - Stormblade Infantry Officer & Standard [0(5)]\n - Stormblade Infantry Storm Gunner (2) [4]\n","c1101b_-0e7D9B9Gakaj9cao7zadada5a6a8___-0e919b9b9c9cakaj9zfjdhadbzbz"
1105,552,1,"Brisbane 1","Cygnar Army - 75 / 75 points\n[Theme] Storm Division\n\n(Brisbane 1) Major Markus ""Siege"" Brisbane [+28]\n - Charger [9]\n - Charger [9]\n - Firefly [8]\n - Firefly [8]\n - Squire [0(5)]\nJourneyman Warcaster [0(4)]\n - Sentinel [8]\nSavio Montero Acosta [0(6)]\nStormblade Captain [5]\nStorm Lances (max) [20]\nStorm Strider [18]\nStorm Strider [18]\n","c1101b_-0e7D9B9Gakaj9cao7zadada5a6a8___-0e919b9b9c9cakaj9zfjdhadbzbz"
1106,553,4,"Asphyxious 3","Cryx Army - 75 / 75 points\n[Theme] Black Industries\n\n(Asphyxious 3) Asphyxious the Hellbringer [+24]\n - Deathripper [0(6)]\n - Deathripper [0(6)]\n - Inflictor [13]\n - Slayer [10]\n - Slayer [10]\n - Slayer [10]\n - Stalker [8]\n - Stalker [8]\n - Stalker [8]\n - Stalker [8]\nMachine Wraith [2]\nMachine Wraith [2]\nWarwitch Siren [4]\nCephalyx Overlords [8]\nCephalyx Overlords [8]\n","c4101b_-0UbY1919d-1v1v1v1h1h1h1h2k2k2B3232___-0B0E1k1919d-i22kdWh-h_h-h_bB"
1107,553,4,"Asphyxious 2","Cryx Army - 75 / 75 points\n[Theme] Dark Host\n\n(Asphyxious 2) Lich Lord Asphyxious [+28]\n - Cankerworm [9]\n - Deathripper [6]\n - Deathripper [6]\n - Inflictor [13]\nBane Lord Tartarus [0(6)]\nMachine Wraith [2]\nBane Riders (max) [20]\nBane Warriors (max) [16]\n - Bane Warrior Officer & Standard [0(5)]\nBane Warriors (max) [16]\n - Bane Warrior Officer & Standard [0(5)]\nWraith Engine [15]\n","c4101b_-0UbY1919d-1v1v1v1h1h1h1h2k2k2B3232___-0B0E1k1919d-i22kdWh-h_h-h_bB"
1142,571,4,"Coven 1","Cryx Army - 75 / 75 points\n[Theme] Scourge of the Broken Coast\n\n(Coven 1) The Witch Coven of Garlghast [+26]\n - Deathripper [6]\n - Deathripper [6]\n - Seether [13]\n - Seether [13]\nSatyxis Raider Captain [0(4)]\nWrong Eye [17]\nSatyxis Blood Witches (min) [8]\n - Satyxis Blood Hag [0(4)]\nSatyxis Raiders (max) [16]\n - Satyxis Raider Sea Witch [3]\nSatyxis Raiders (max) [16]\n - Satyxis Raider Sea Witch [3]\n","c4101b_-0Y0Z19191u1u2xbF1Q1T1N1P1N1P___-0g0x19191h1h2DhC2t2a23203g203g203gbB"
1143,571,4,"Deneghra 1","Cryx Army - 75 / 75 points\n[Theme] The Ghost Fleet\n\n(Deneghra 1) Warwitch Deneghra [+28]\n - Deathripper [6]\n - Deathripper [6]\n - Stalker [8]\n - Stalker [8]\nCaptain Rengrave [0(5)]\nHellslinger Phantom [0(7)]\nPistol Wraith [0(5)]\nBlackbane's Ghost Raiders (min) [11]\nRevenant Cannon Crew [4]\nRevenant Crew of the Atramentous (min) [9]\n - Revenant Crew Rifleman (3) [6]\nRevenant Crew of the Atramentous (min) [9]\n - Revenant Crew Rifleman (3) [6]\nRevenant Crew of the Atramentous (min) [9]\n - Revenant Crew Rifleman (3) [6]\nWraith Engine [15]\n","c4101b_-0Y0Z19191u1u2xbF1Q1T1N1P1N1P___-0g0x19191h1h2DhC2t2a23203g203g203gbB"
1102,551,3,"Harkevich 1","Khador Army - 75 / 75 points\n[Theme] Jaws of the Wolf\n\n(Harkevich 1) Kommander Harkevich, The Iron Wolf [+28]\n - Juggernaut [12]\n - Juggernaut [12]\n - Kodiak [13]\n - Kodiak [13]\n - Marauder [10]\n - Marauder [10]\n - Marauder [10]\n - Marauder [10]\n - Marauder [10]\nGreylord Forge Seer [0(4)]\nGreylord Forge Seer [0(4)]\nWidowmaker Marksman [0(4)]\nYuri the Axe [0(6)]\nBattle Mechaniks (min) [3]\n","c3101b_-0x8D0d0d7s7s7t7t7t7t7thFhF8r8y86___-0f767p7p7t8tgc7R7T7W7R7T7W7Y7Wi6"
1103,551,3,"Vladimir 1","Khador Army - 74 / 75 points\n[Theme] Winter Guard Kommand\n\n(Vladimir 1) Vladimir Tzepesci, The Dark Prince [+28]\n - Destroyer [14]\n - Destroyer [14]\n - Marauder [10]\nKovnik Jozef Grigorovich [4]\nWinter Guard Artillery Kapitan [0(3)]\nWinter Guard Infantry (min) [6]\n - Winter Guard Infantry Officer & Standard [0(4)]\n - Winter Guard Rocketeer (3) [6]\nWinter Guard Infantry (min) [6]\n - Winter Guard Infantry Officer & Standard [0(4)]\n - Winter Guard Rocketeer (3) [6]\nWinter Guard Rifle Corps (max) [13]\n - Winter Guard Rocketeer (3) [6]\nWinter Guard Gun Carriage [17]\n","c3101b_-0x8D0d0d7s7s7t7t7t7t7thFhF8r8y86___-0f767p7p7t8tgc7R7T7W7R7T7W7Y7Wi6"
1160,580,9,"Zaal 2","Skorne Army - 75 / 75 points\n[Theme] The Exalted\n\n(Zaal 2) Zaal, the Ancestral Advocate [+29]\n - Agonizer [6]\n - Basilisk Krea [7]\n - Cyclops Raider [9]\n - Cyclops Shaman [8]\nAncestral Guardian [0(5)]\nAncestral Guardian [5]\nAncestral Guardian [0(5)]\nExtoller Soulward [3]\nHakaar the Destroyer [0(7)]\nSwamp Gobber Chef [1]\nVoid Spirit [4]\nVoid Spirit [4]\nImmortals (max) [15]\n - Extoller Advocate [4]\nImmortals (max) [15]\n - Extoller Advocate [4]\nImmortals (max) [15]\n - Extoller Advocate [4]\n","c9101b_-0Ifk6r4x6S4C6u6u6u6v6HfF6x6x5Rft5Rft5Rft___-0Z444x5Jcvcv7y6yfs5U67676h6h"
1161,580,9,"Makeda 2","Skorne Army - 75 / 75 points\n[Theme] Masters of War\n\n(Makeda 2) Supreme Archdomina Makeda [+27]\n - Basilisk Krea [7]\n - Molik Karn [19]\nMortitheurge Willbreaker [4]\nMortitheurge Willbreaker [4]\nOrin Midwinter, Rogue Inquisitor [5]\nTyrant Rhadeim [9]\nLegends of Halaak [8]\nPaingiver Beast Handlers (min) [5]\nPraetorian Ferox (max) [20]\nPraetorian Ferox (max) [20]\nTyrant Commander & Standard Bearer [0(6)]\nTyrant Commander & Standard Bearer [0(6)]\n","c9101b_-0Ifk6r4x6S4C6u6u6u6v6HfF6x6x5Rft5Rft5Rft___-0Z444x5Jcvcv7y6yfs5U67676h6h"
1250,625,3,"Butcher 3","Khador Army - 75 / 75 points\n[Theme] Winter Guard Kommand\n\n(Butcher 3) Kommander Zoktavir, The Butcher Unleashed [+22]\n - Marauder [10]\n - Marauder [10]\n - Ruin [17]\n - War Dog [3]\nKovnik Jozef Grigorovich [4]\nBattle Mechaniks (min) [3]\nWinter Guard Field Gun Crew [0(4)]\nWinter Guard Mortar Crew [0(5)]\nWinter Guard Rifle Corps (min) [8]\n - Winter Guard Rocketeer (3) [6]\nWinter Guard Rifle Corps (max) [13]\n - Winter Guard Rocketeer (3) [6]\nWinter Guard Gun Carriage [17]\n","c3101b_-0fdI7t7teQ8f8t867Z7-7X7W7Y7Wi6___-0x7a0d7s7s7t7t7t7t7thFhF8r86ch8e"
1251,625,3,"Karchev 1","Khador Army - 74 / 75 points\n[Theme] Jaws of the Wolf\n\n(Karchev 1) Karchev the Terrible [+30]\n - Juggernaut [12]\n - Kodiak [13]\n - Kodiak [13]\n - Marauder [10]\n - Marauder [10]\n - Marauder [10]\n - Marauder [10]\n - Marauder [10]\nGreylord Forge Seer [0(4)]\nGreylord Forge Seer [0(4)]\nWidowmaker Marksman [0(4)]\nBattle Mechaniks (min) [3]\nKayazy Eliminators [5]\nWidowmaker Scouts [8]\n","c3101b_-0fdI7t7teQ8f8t867Z7-7X7W7Y7Wi6___-0x7a0d7s7s7t7t7t7t7thFhF8r86ch8e"
